sampler_label,aggregate_report_count,average,aggregate_report_min,aggregate_report_max,aggregate_report_stddev,aggregate_report_error%,aggregate_report_rate,aggregate_report_bandwidth,average_bytes
insere doc dependentes,3996,17310,574,24648,1632.90689696537,0.0017517517517517517,3.826559926456506,1.572295736955127,420.7515015015015
TOTAL,3996,17310,574,24648,1632.90689696537,0.0017517517517517517,3.826559926456506,1.572295736955127,420.7515015015015
