sampler_label,aggregate_report_count,average,aggregate_report_min,aggregate_report_max,aggregate_report_stddev,aggregate_report_error%,aggregate_report_rate,aggregate_report_bandwidth,average_bytes
Consulta Doc Dependente,1064,33604,335,68138,16767.806072300504,0.0,11.858192071505789,17065.875081497208,1473703.2406015038
TOTAL,1064,33604,335,68138,16767.806072300504,0.0,11.858192071505789,17065.875081497208,1473703.2406015038
