sampler_label,aggregate_report_count,average,aggregate_report_min,aggregate_report_max,aggregate_report_stddev,aggregate_report_error%,aggregate_report_rate,aggregate_report_bandwidth,average_bytes
insere doc empregados,4995,17240,132,20077,1753.2323577097218,0.0,4.753213533954788,1.9399290634028252,417.92512512512513
TOTAL,4995,17240,132,20077,1753.2323577097218,0.0,4.753213533954788,1.9399290634028252,417.92512512512513
