sampler_label,aggregate_report_count,average,aggregate_report_min,aggregate_report_max,aggregate_report_stddev,aggregate_report_error%,aggregate_report_rate,aggregate_report_bandwidth,average_bytes
insere doc dependentes,3996,17088,398,23373,1597.4060678867586,0.0,3.942387472757964,1.6163165857503805,419.82382382382383
TOTAL,3996,17088,398,23373,1597.4060678867586,0.0,3.942387472757964,1.6163165857503805,419.82382382382383
