sampler_label,aggregate_report_count,average,aggregate_report_min,aggregate_report_max,aggregate_report_stddev,aggregate_report_error%,aggregate_report_rate,aggregate_report_bandwidth,average_bytes
Consulta Doc Empregado,717,55584,835,92756,31740.248626949175,0.0041841004184100415,7.688513339624261,10969.054071001463,1460921.10041841
TOTAL,717,55584,835,92756,31740.248626949175,0.0041841004184100415,7.688513339624261,10969.054071001463,1460921.10041841
