sampler_label,aggregate_report_count,average,aggregate_report_min,aggregate_report_max,aggregate_report_stddev,aggregate_report_error%,aggregate_report_rate,aggregate_report_bandwidth,average_bytes
insere doc dependentes,3996,2120,850,3152,292.98088223910906,0.004254254254254255,4.4935076910274905,1.851049042107518,421.82507507507506
TOTAL,3996,2120,850,3152,292.98088223910906,0.004254254254254255,4.4935076910274905,1.851049042107518,421.82507507507506
